id,y
5000,0.11066166
5001,0.9946995
5002,0.0028710302
5003,0.9789555
5004,0.99264467
5005,0.0021803435
5006,0.99223423
5007,0.0039299773
5008,0.0021644323
5009,0.86942786
5010,0.9960543
5011,0.9957677
5012,0.98497504
5013,0.0023255863
5014,0.9547377
5015,0.9953158
5016,0.97319114
5017,0.03298313
5018,0.8282201
5019,0.0036622311
5020,0.002385971
5021,0.031272557
5022,0.98905665
5023,0.9878896
5024,0.5938841
5025,0.9908153
5026,0.99582493
5027,0.6186899
5028,0.0028946467
5029,0.006431362
5030,0.039993383
5031,0.9934181
5032,0.9901272
5033,0.9421871
5034,0.008164863
5035,0.0138828335
5036,0.9116383
5037,0.0050099706
5038,0.9711638
5039,0.0021137393
5040,0.020834858
5041,0.002093429
5042,0.7837328
5043,0.003766539
5044,0.7734287
5045,0.9954359
5046,0.7885926
5047,0.008903525
5048,0.9908828
5049,0.012140077
5050,0.6943189
5051,0.9959169
5052,0.0030900093
5053,0.1367735
5054,0.9310328
5055,0.99702066
5056,0.85756034
5057,0.27432388
5058,0.816004
5059,0.15044907
5060,0.9472133
5061,0.6268808
5062,0.510969
5063,0.81804156
5064,0.2683498
5065,0.0077555045
5066,0.97003573
5067,0.6954046
5068,0.9888925
5069,0.6059306
5070,0.6721441
5071,0.95959395
5072,0.59222
5073,0.07480373
5074,0.9943481
5075,0.9887995
5076,0.9773154
5077,0.0039550806
5078,0.9253397
5079,0.6291183
5080,0.90864813
5081,0.9808379
5082,0.0023055617
5083,0.975627
5084,0.025568448
5085,0.78226036
5086,0.99246335
5087,0.005443654
5088,0.004200313
5089,0.0036262793
5090,0.038409106
5091,0.9175724
5092,0.87630516
5093,0.99493897
5094,0.01734851
5095,0.004778008
5096,0.996507
5097,0.991999
5098,0.0048037013
5099,0.014291859
5100,0.99190044
5101,0.079664975
5102,0.020374985
5103,0.6603562
5104,0.99502546
5105,0.9740717
5106,0.98918426
5107,0.9296812
5108,0.88010573
5109,0.07770718
5110,0.9959741
5111,0.9518055
5112,0.0027761844
5113,0.0044035483
5114,0.9703783
5115,0.8991365
5116,0.0023683638
5117,0.12381705
5118,0.020575918
5119,0.6010231
5120,0.05059007
5121,0.70695233
5122,0.8640871
5123,0.9948543
5124,0.98736423
5125,0.9669621
5126,0.0031872718
5127,0.0039175446
5128,0.9058989
5129,0.5733484
5130,0.9909768
5131,0.0039181593
5132,0.15240712
5133,0.006602548
5134,0.0032361986
5135,0.0047646626
5136,0.94539374
5137,0.21928589
5138,0.016326768
5139,0.9192322
5140,0.002721147
5141,0.0036834509
5142,0.0114967525
5143,0.9880911
5144,0.020632684
5145,0.7584565
5146,0.99567634
5147,0.022083752
5148,0.03523888
5149,0.9953099
5150,0.47809777
5151,0.9605892
5152,0.9902024
5153,0.37121376
5154,0.0046402887
5155,0.06749825
5156,0.9964682
5157,0.003622257
5158,0.99074906
5159,0.9659199
5160,0.023482036
5161,0.98489136
5162,0.5526677
5163,0.9863651
5164,0.9789025
5165,0.9899824
5166,0.98026776
5167,0.99613804
5168,0.9126838
5169,0.98201156
5170,0.8977271
5171,0.9891045
5172,0.11905711
5173,0.25737926
5174,0.0022442674
5175,0.93276954
5176,0.87098664
5177,0.005481863
5178,0.8301869
5179,0.055036824
5180,0.003926673
5181,0.8333604
5182,0.9333105
5183,0.18692683
5184,0.9968997
5185,0.75266933
5186,0.02996033
5187,0.34924677
5188,0.0023115636
5189,0.0030379505
5190,0.9899526
5191,0.0027560007
5192,0.45323473
5193,0.005139457
5194,0.026275149
5195,0.99216026
5196,0.9776292
5197,0.9778985
5198,0.028204987
5199,0.005245274
5200,0.9101653
5201,0.0032993082
5202,0.99564135
5203,0.7847808
5204,0.0028198531
5205,0.590603
5206,0.005833727
5207,0.98835117
5208,0.0024608993
5209,0.99217117
5210,0.0030882133
5211,0.046326656
5212,0.021796867
5213,0.0023812617
5214,0.0050632474
5215,0.50201166
5216,0.77605015
5217,0.2068648
5218,0.8895554
5219,0.94675106
5220,0.0029678363
5221,0.0054585547
5222,0.0028215111
5223,0.9943092
5224,0.0052105715
5225,0.9956131
5226,0.96250814
5227,0.9424912
5228,0.39023036
5229,0.059339665
5230,0.9609805
5231,0.002915298
5232,0.9120311
5233,0.011268496
5234,0.408269
5235,0.89574593
5236,0.99482346
5237,0.99043965
5238,0.9650301
5239,0.8090096
5240,0.98121417
5241,0.009043104
5242,0.0034770821
5243,0.010409837
5244,0.99532396
5245,0.8007325
5246,0.9948331
5247,0.0021190767
5248,0.9939008
5249,0.74042606
5250,0.0026066417
5251,0.93701184
5252,0.84372455
5253,0.006397371
5254,0.9928121
5255,0.7451208
5256,0.9771417
5257,0.96600425
5258,0.009216143
5259,0.0026964147
5260,0.70971096
5261,0.009581044
5262,0.77612704
5263,0.33949903
5264,0.9182802
5265,0.9852642
5266,0.0024647298
5267,0.9653006
5268,0.66500795
5269,0.8753546
5270,0.38097322
5271,0.7259876
5272,0.9939844
5273,0.034252245
5274,0.0023291127
5275,0.99398804
5276,0.97953576
5277,0.004094118
5278,0.990186
5279,0.9881334
5280,0.0029339627
5281,0.010170854
5282,0.8928407
5283,0.340422
5284,0.93047404
5285,0.84092677
5286,0.9158358
5287,0.048563927
5288,0.08654687
5289,0.36691645
5290,0.019312605
5291,0.9952904
5292,0.9902986
5293,0.9916242
5294,0.9305784
5295,0.0027327375
5296,0.992117
5297,0.96209836
5298,0.0060259863
5299,0.9940387
5300,0.9611257
5301,0.36119774
5302,0.9952211
5303,0.0025901438
5304,0.0030637155
5305,0.9624702
5306,0.9841925
5307,0.9950439
5308,0.9956161
5309,0.9369175
5310,0.9401007
5311,0.0026920596
5312,0.012637699
5313,0.63480484
5314,0.18263166
5315,0.995424
5316,0.37300363
5317,0.024526207
5318,0.0034235027
5319,0.9914008
5320,0.60756713
5321,0.9906832
5322,0.9958205
5323,0.0087933615
5324,0.029748036
5325,0.98688847
5326,0.0051717754
5327,0.9945673
5328,0.007034884
5329,0.59628254
5330,0.008197309
5331,0.033882678
5332,0.994319
5333,0.99676394
5334,0.006720366
5335,0.93722206
5336,0.6302478
5337,0.0029287613
5338,0.012236272
5339,0.21184926
5340,0.9950783
5341,0.82931507
5342,0.9111912
5343,0.51729405
5344,0.05569677
5345,0.039169107
5346,0.009248152
5347,0.9688441
5348,0.013369004
5349,0.9666027
5350,0.0037132527
5351,0.9630832
5352,0.94643056
5353,0.75724936
5354,0.9932989
5355,0.0045135682
5356,0.29236826
5357,0.9770215
5358,0.010270173
5359,0.81307
5360,0.99330634
5361,0.99145305
5362,0.85026056
5363,0.98658866
5364,0.9916715
5365,0.005878758
5366,0.8467234
5367,0.0059263734
5368,0.5205035
5369,0.0043199784
5370,0.028920254
5371,0.8810671
5372,0.0026215343
5373,0.5013115
5374,0.9964849
5375,0.7264271
5376,0.9852169
5377,0.92671525
5378,0.003387234
5379,0.019265926
5380,0.028762126
5381,0.010374548
5382,0.0024534245
5383,0.0062563163
5384,0.43044472
5385,0.036686372
5386,0.00489873
5387,0.35119802
5388,0.008380239
5389,0.9903322
5390,0.939338
5391,0.094169036
5392,0.0042033372
5393,0.7794092
5394,0.9702085
5395,0.90661424
5396,0.9116642
5397,0.01861694
5398,0.002402493
5399,0.0053529763
5400,0.07836596
5401,0.7781233
5402,0.8836851
5403,0.82986
5404,0.9108309
5405,0.98837924
5406,0.9818345
5407,0.98460245
5408,0.9840172
5409,0.9949207
5410,0.7440824
5411,0.003670074
5412,0.9902256
5413,0.98976517
5414,0.0046353736
5415,0.5575365
5416,0.98200434
5417,0.002144515
5418,0.6353021
5419,0.72005206
5420,0.9781275
5421,0.8402456
5422,0.062301405
5423,0.97158325
5424,0.9931457
5425,0.98753697
5426,0.017106134
5427,0.9943832
5428,0.1601781
5429,0.023997543
5430,0.83852303
5431,0.0039754575
5432,0.3065218
5433,0.9265559
5434,0.0041327295
5435,0.007154539
5436,0.9925668
5437,0.83406395
5438,0.0076430994
5439,0.9927396
5440,0.9928256
5441,0.99532616
5442,0.020091832
5443,0.16930756
5444,0.2274968
5445,0.0042501576
5446,0.9702106
5447,0.99255484
5448,0.7204398
5449,0.99052364
5450,0.035818346
5451,0.26499984
5452,0.18114989
5453,0.0044319746
5454,0.9071908
5455,0.5353264
5456,0.003158327
5457,0.6150822
5458,0.9880669
5459,0.8594786
5460,0.90897876
5461,0.64449257
5462,0.93110293
5463,0.9902991
5464,0.9565199
5465,0.85329825
5466,0.98997724
5467,0.99458534
5468,0.003223255
5469,0.5619894
5470,0.98915404
5471,0.87024575
5472,0.8623539
5473,0.4820473
5474,0.9950808
5475,0.6291402
5476,0.9912935
5477,0.83248246
5478,0.9951513
5479,0.94068146
5480,0.008694773
5481,0.95710456
5482,0.03274789
5483,0.0025251687
5484,0.99425226
5485,0.99458694
5486,0.16803616
5487,0.018993268
5488,0.04064757
5489,0.95218706
5490,0.66962427
5491,0.0056124786
5492,0.91253215
5493,0.9615428
5494,0.0066714273
5495,0.35210344
5496,0.9156012
5497,0.9492285
5498,0.04551606
5499,0.98169553
5500,0.0075402907
5501,0.9945229
5502,0.5550245
5503,0.950456
5504,0.00417364
5505,0.004709852
5506,0.0029406534
5507,0.9889324
5508,0.0071761482
5509,0.0047579585
5510,0.0056475988
5511,0.08101752
5512,0.9209119
5513,0.96332353
5514,0.0046400246
5515,0.6905899
5516,0.9912873
5517,0.33735257
5518,0.7424225
5519,0.9881313
5520,0.0059544328
5521,0.31141508
5522,0.4410704
5523,0.90894926
5524,0.017476596
5525,0.94889593
5526,0.0047056293
5527,0.9922666
5528,0.9839589
5529,0.96517676
5530,0.006047746
5531,0.93615294
5532,0.0035137034
5533,0.6282391
5534,0.90389144
5535,0.98931164
5536,0.43316716
5537,0.9921061
5538,0.02656218
5539,0.98913807
5540,0.018163921
5541,0.0029326978
5542,0.99535996
5543,0.71371937
5544,0.0066703083
5545,0.9536898
5546,0.0025005415
5547,0.9601798
5548,0.5719803
5549,0.99426186
5550,0.002143276
5551,0.8407464
5552,0.019483836
5553,0.99548066
5554,0.049847435
5555,0.80332494
5556,0.499658
5557,0.8348759
5558,0.995316
5559,0.2344965
5560,0.9933003
5561,0.0025207696
5562,0.0024862054
5563,0.9914415
5564,0.9783573
5565,0.09757658
5566,0.06797898
5567,0.032209214
5568,0.98400795
5569,0.9860708
5570,0.9963074
5571,0.26673406
5572,0.8856363
5573,0.3551395
5574,0.8398494
5575,0.0065412284
5576,0.9954951
5577,0.99631846
5578,0.002712839
5579,0.99640465
5580,0.98841107
5581,0.84820473
5582,0.019303022
5583,0.9909106
5584,0.8471611
5585,0.99042773
5586,0.6462582
5587,0.99201435
5588,0.013302347
5589,0.8171685
5590,0.547524
5591,0.00909691
5592,0.12363449
5593,0.0043367674
5594,0.9913278
5595,0.0057284106
5596,0.98937523
5597,0.24992998
5598,0.0313345
5599,0.2477344
5600,0.0028648474
5601,0.9954888
5602,0.002896603
5603,0.10810674
5604,0.006197059
5605,0.9874391
5606,0.9894838
5607,0.074583024
5608,0.9936661
5609,0.8772831
5610,0.034532037
5611,0.0128810285
5612,0.0020654025
5613,0.055428673
5614,0.0039452496
5615,0.99218154
5616,0.9817731
5617,0.5751556
5618,0.86419386
5619,0.99629575
5620,0.9780306
5621,0.0109305885
5622,0.22320442
5623,0.9195141
5624,0.0027611414
5625,0.00228755
5626,0.34067053
5627,0.88695806
5628,0.002165117
5629,0.9898408
5630,0.917435
5631,0.9960602
5632,0.972829
5633,0.9950186
5634,0.99233377
5635,0.9916932
5636,0.009626871
5637,0.9821813
5638,0.006366022
5639,0.93344146
5640,0.09762748
5641,0.14249073
5642,0.8759872
5643,0.9672028
5644,0.9862699
5645,0.9624242
5646,0.0038362355
5647,0.984758
5648,0.02962064
5649,0.9892776
5650,0.76516706
5651,0.9923723
5652,0.0054785367
5653,0.015244704
5654,0.97881156
5655,0.6748045
5656,0.83614206
5657,0.22453347
5658,0.071604
5659,0.0027449855
5660,0.046857193
5661,0.93359417
5662,0.84293216
5663,0.95160496
5664,0.0024178168
5665,0.98430574
5666,0.91187006
5667,0.99478996
5668,0.84145266
5669,0.98903614
5670,0.83835185
5671,0.8944203
5672,0.82416546
5673,0.9166993
5674,0.45719656
5675,0.9653549
5676,0.011317498
5677,0.7048646
5678,0.84431255
5679,0.9598327
5680,0.9208873
5681,0.1373047
5682,0.99395305
5683,0.005690486
5684,0.24422145
5685,0.9450845
5686,0.8221194
5687,0.0028307175
5688,0.06861656
5689,0.9899374
5690,0.002775811
5691,0.93279856
5692,0.0021683439
5693,0.0048417873
5694,0.9952697
5695,0.0023462153
5696,0.0026728802
5697,0.97132295
5698,0.017994713
5699,0.9784501
5700,0.9908442
5701,0.008595017
5702,0.59849006
5703,0.99608177
5704,0.705636
5705,0.9120835
5706,0.044961754
5707,0.0023981482
5708,0.9472259
5709,0.0022700496
5710,0.6198512
5711,0.0056345193
5712,0.6686523
5713,0.8588268
5714,0.0048684315
5715,0.924828
5716,0.98354536
5717,0.003327031
5718,0.3507187
5719,0.0024612115
5720,0.007507209
5721,0.22040981
5722,0.8501592
5723,0.9939014
5724,0.007183232
5725,0.98343647
5726,0.9872706
5727,0.13689438
5728,0.9266075
5729,0.99083835
5730,0.083088316
5731,0.0038353482
5732,0.004501097
5733,0.992071
5734,0.004533566
5735,0.9718441
5736,0.99608237
5737,0.0037146662
5738,0.04068439
5739,0.7558059
5740,0.12151334
5741,0.0028805742
5742,0.0025550663
5743,0.761409
5744,0.0042984183
5745,0.8917505
5746,0.9951127
5747,0.8827734
5748,0.9936014
5749,0.9952924
5750,0.96008587
5751,0.006366089
5752,0.004580308
5753,0.9916899
5754,0.9118892
5755,0.0032764128
5756,0.99628395
5757,0.63886744
5758,0.81271297
5759,0.6121687
5760,0.0031415334
5761,0.71826655
5762,0.7920246
5763,0.0036274318
5764,0.9950518
5765,0.0048517575
5766,0.99418044
5767,0.77706975
5768,0.77032053
5769,0.004562816
5770,0.003020955
5771,0.9625817
5772,0.9835333
5773,0.977372
5774,0.08842213
5775,0.9774475
5776,0.6940296
5777,0.026326686
5778,0.9863229
5779,0.0027966842
5780,0.92633784
5781,0.98299533
5782,0.8149031
5783,0.0023283793
5784,0.8403716
5785,0.9617859
5786,0.7038181
5787,0.98943526
5788,0.0022932421
5789,0.036921848
5790,0.99409467
5791,0.004104153
5792,0.98425204
5793,0.9841039
5794,0.9927799
5795,0.0078104404
5796,0.9905654
5797,0.9896304
5798,0.002243709
5799,0.24728408
5800,0.9746636
5801,0.98556024
5802,0.010105548
5803,0.8675922
5804,0.53803605
5805,0.79953396
5806,0.0023432674
5807,0.0034410788
5808,0.9102007
5809,0.9794773
5810,0.0026576573
5811,0.12551746
5812,0.812312
5813,0.27135226
5814,0.8655504
5815,0.9921198
5816,0.002101489
5817,0.03396573
5818,0.005658422
5819,0.988862
5820,0.96225244
5821,0.9699148
5822,0.9952223
5823,0.010229761
5824,0.9791708
5825,0.08199296
5826,0.061802402
5827,0.03875893
5828,0.027966704
5829,0.9826485
5830,0.14861517
5831,0.0071256678
5832,0.5813645
5833,0.8717493
5834,0.99264926
5835,0.006839478
5836,0.98946035
5837,0.9899058
5838,0.9190233
5839,0.0039517814
5840,0.20506442
5841,0.9917006
5842,0.9869049
5843,0.0039011976
5844,0.99551964
5845,0.022878379
5846,0.98153883
5847,0.99398696
5848,0.35324082
5849,0.78045017
5850,0.89470136
5851,0.9880696
5852,0.46543947
5853,0.3228154
5854,0.9964223
5855,0.7771056
5856,0.37705353
5857,0.0087825665
5858,0.99129736
5859,0.0031009777
5860,0.9441249
5861,0.13404086
5862,0.9867401
5863,0.685749
5864,0.95933867
5865,0.0020844622
5866,0.45752928
5867,0.9942654
5868,0.9844284
5869,0.90478075
5870,0.84163886
5871,0.0026119605
5872,0.0033036042
5873,0.8053774
5874,0.9849155
5875,0.9967468
5876,0.03150014
5877,0.39760393
5878,0.9894791
5879,0.008160135
5880,0.32507685
5881,0.96989673
5882,0.002252383
5883,0.434489
5884,0.72628653
5885,0.9964483
5886,0.09647811
5887,0.123474024
5888,0.35173345
5889,0.8654526
5890,0.004798251
5891,0.9682085
5892,0.98995715
5893,0.9890674
5894,0.9657122
5895,0.01112525
5896,0.9908488
5897,0.1350254
5898,0.9572283
5899,0.7486711
5900,0.013928853
5901,0.021779953
5902,0.048914123
5903,0.996287
5904,0.8768613
5905,0.006176361
5906,0.0027461944
5907,0.8861807
5908,0.97953814
5909,0.025160678
5910,0.063171916
5911,0.003911075
5912,0.99579144
5913,0.9169338
5914,0.61169404
5915,0.99395305
5916,0.0027181297
5917,0.9746653
5918,0.858386
5919,0.002694492
5920,0.60283655
5921,0.0022347397
5922,0.8457671
5923,0.3871031
5924,0.99214596
5925,0.81073266
5926,0.0061123003
5927,0.0074856956
5928,0.9906501
5929,0.018085504
5930,0.026033632
5931,0.0032568984
5932,0.9910212
5933,0.96904916
5934,0.72214967
5935,0.82762057
5936,0.78487587
5937,0.92115647
5938,0.0031885614
5939,0.10802551
5940,0.98867166
5941,0.0022522865
5942,0.9929951
5943,0.9559796
5944,0.0030061088
5945,0.9869452
5946,0.9941082
5947,0.97401625
5948,0.9148415
5949,0.96864647
5950,0.94011873
5951,0.99404883
5952,0.1303268
5953,0.31990805
5954,0.0049740383
5955,0.97503406
5956,0.9935835
5957,0.99230534
5958,0.003224617
5959,0.9899384
5960,0.0020564604
5961,0.0034353277
5962,0.002108314
5963,0.86907166
5964,0.052673817
5965,0.9786562
5966,0.99522
5967,0.013474258
5968,0.98652947
5969,0.0023961437
5970,0.45237535
5971,0.18164285
5972,0.9532741
5973,0.9891193
5974,0.99658114
5975,0.0063493336
5976,0.0024719832
5977,0.88183576
5978,0.08490715
5979,0.009275087
5980,0.0031632204
5981,0.0035187474
5982,0.0024189902
5983,0.66472167
5984,0.0072291936
5985,0.9898258
5986,0.9926407
5987,0.97415924
5988,0.0069540977
5989,0.96583617
5990,0.99540013
5991,0.14282039
5992,0.43345368
5993,0.9797896
5994,0.99550146
5995,0.016272185
5996,0.19717965
5997,0.0044199224
5998,0.9477201
5999,0.91439855
6000,0.9858358
6001,0.10555651
6002,0.0055389954
6003,0.9785155
6004,0.5168014
6005,0.006606196
6006,0.0030225986
6007,0.95558995
6008,0.0033553771
6009,0.9933415
6010,0.86329454
6011,0.9970415
6012,0.8477245
6013,0.014875111
6014,0.9794032
6015,0.42612872
6016,0.0031498803
6017,0.27477014
6018,0.9108971
6019,0.9900323
6020,0.98584485
6021,0.8940913
6022,0.88357973
6023,0.99526346
6024,0.018412821
6025,0.0053898003
6026,0.70850426
6027,0.9958224
6028,0.9274983
6029,0.9917949
6030,0.00733181
6031,0.9967428
6032,0.80666083
6033,0.9894112
6034,0.0033163072
6035,0.96006334
6036,0.026611494
6037,0.95482725
6038,0.0022558835
6039,0.46311277
6040,0.9921715
6041,0.0028061448
6042,0.79426736
6043,0.29330724
6044,0.9951054
6045,0.004301034
6046,0.2814117
6047,0.983754
6048,0.9952388
6049,0.86310685
6050,0.99369967
6051,0.8705509
6052,0.7791547
6053,0.8099243
6054,0.08571961
6055,0.98665303
6056,0.9949309
6057,0.0076000053
6058,0.88359445
6059,0.00460146
6060,0.055433027
6061,0.9565113
6062,0.053302795
6063,0.09736774
6064,0.9044135
6065,0.98445266
6066,0.9964869
6067,0.98235804
6068,0.0036921548
6069,0.97641695
6070,0.9379718
6071,0.9902468
6072,0.99596584
6073,0.95124215
6074,0.93962824
6075,0.98984957
6076,0.030669566
6077,0.504356
6078,0.29227352
6079,0.25643885
6080,0.48685133
6081,0.97611135
6082,0.88757855
6083,0.9726983
6084,0.49022695
6085,0.9962949
6086,0.9958385
6087,0.99667966
6088,0.983579
6089,0.11261826
6090,0.9805397
6091,0.90937275
6092,0.41051427
6093,0.99393624
6094,0.9537532
6095,0.996897
6096,0.70834243
6097,0.9305575
6098,0.942452
6099,0.7510742
6100,0.95420533
6101,0.0028870965
6102,0.9964223
6103,0.9939355
6104,0.88867474
6105,0.9897453
6106,0.9501617
6107,0.002428405
6108,0.16259113
6109,0.004691957
6110,0.74832726
6111,0.051632527
6112,0.6976219
6113,0.65997905
6114,0.9665968
6115,0.004666303
6116,0.0057493686
6117,0.9886175
6118,0.9927227
6119,0.014011958
6120,0.53757536
6121,0.99199975
6122,0.80262506
6123,0.9703142
6124,0.017156307
6125,0.85624725
6126,0.97261995
6127,0.0031855877
6128,0.979532
6129,0.35890168
6130,0.7273295
6131,0.9740752
6132,0.0025344952
6133,0.99478275
6134,0.97477055
6135,0.9682441
6136,0.9567796
6137,0.987357
6138,0.6219657
6139,0.7284809
6140,0.95749766
6141,0.9908428
6142,0.99544454
6143,0.8066521
6144,0.9954848
6145,0.9583852
6146,0.16816531
6147,0.016996324
6148,0.0063368976
6149,0.7355416
6150,0.004498557
6151,0.16407628
6152,0.9581221
6153,0.4821043
6154,0.99246407
6155,0.9903722
6156,0.9945773
6157,0.05966714
6158,0.003963055
6159,0.9469807
6160,0.00958955
6161,0.8227238
6162,0.9739666
6163,0.054522112
6164,0.9966176
6165,0.9878014
6166,0.9811427
6167,0.9840283
6168,0.8202492
6169,0.97902817
6170,0.99539316
6171,0.9454504
6172,0.092873774
6173,0.004523278
6174,0.98818934
6175,0.99118114
6176,0.99431735
6177,0.8555287
6178,0.94352096
6179,0.683236
6180,0.07475854
6181,0.0041431184
6182,0.9826408
6183,0.0043700063
6184,0.0029900186
6185,0.9890484
6186,0.0052139712
6187,0.98207814
6188,0.0027483655
6189,0.029998735
6190,0.009796533
6191,0.59723026
6192,0.9919425
6193,0.99395037
6194,0.9828787
6195,0.0030317886
6196,0.8266431
6197,0.9168017
6198,0.7891888
6199,0.9141417
6200,0.0025695309
6201,0.7984039
6202,0.0032248378
6203,0.7935774
6204,0.9695164
6205,0.75937545
6206,0.003529335
6207,0.014050575
6208,0.9168679
6209,0.9484867
6210,0.97923785
6211,0.096080326
6212,0.95457333
6213,0.92571884
6214,0.53652155
6215,0.97461414
6216,0.0059150774
6217,0.008503367
6218,0.6761433
6219,0.0036384943
6220,0.10746156
6221,0.09521118
6222,0.10094706
6223,0.97512925
6224,0.96601796
6225,0.5887552
6226,0.77799284
6227,0.4237025
6228,0.0044198954
6229,0.9062655
6230,0.012224722
6231,0.9850131
6232,0.9574118
6233,0.0046854215
6234,0.46230707
6235,0.0042680237
6236,0.9039946
6237,0.041115735
6238,0.993808
6239,0.7968895
6240,0.0029696303
6241,0.80265
6242,0.9882125
6243,0.994823
6244,0.2716891
6245,0.9893055
6246,0.8503893
6247,0.015294593
6248,0.7475769
6249,0.9948673
6250,0.018620858
6251,0.0027749806
6252,0.38110864
6253,0.0029171295
6254,0.3353286
6255,0.31566182
6256,0.35830042
6257,0.37592384
6258,0.17986615
6259,0.9962126
6260,0.89504683
6261,0.9588343
6262,0.17764091
6263,0.9461112
6264,0.035854265
6265,0.99480563
6266,0.9070473
6267,0.986631
6268,0.98994243
6269,0.011340764
6270,0.9938589
6271,0.22108553
6272,0.9575608
6273,0.12913002
6274,0.0022991956
6275,0.97929174
6276,0.91751885
6277,0.21018308
6278,0.99464697
6279,0.9555342
6280,0.004253563
6281,0.08377314
6282,0.9552787
6283,0.8937433
6284,0.9937338
6285,0.004417321
6286,0.022300154
6287,0.03937628
6288,0.9653639
6289,0.0047902954
6290,0.99424297
6291,0.9725053
6292,0.95831245
6293,0.22628072
6294,0.9881672
6295,0.17398034
6296,0.6432838
6297,0.091209136
6298,0.019903257
6299,0.9383132
6300,0.87124944
6301,0.027484681
6302,0.9945681
6303,0.6683997
6304,0.0022035723
6305,0.9147465
6306,0.7945585
6307,0.014844299
6308,0.918393
6309,0.9943144
6310,0.003210549
6311,0.6682462
6312,0.8939975
6313,0.99494135
6314,0.97276646
6315,0.7689136
6316,0.00319284
6317,0.071914464
6318,0.002494686
6319,0.9942267
6320,0.003335312
6321,0.0030138288
6322,0.9916038
6323,0.5977773
6324,0.8527861
6325,0.9855155
6326,0.9927699
6327,0.022835655
6328,0.0117525505
6329,0.6950029
6330,0.9629338
6331,0.12319062
6332,0.16089456
6333,0.70080346
6334,0.97482604
6335,0.75478274
6336,0.8066017
6337,0.9474362
6338,0.037861772
6339,0.008403103
6340,0.9943599
6341,0.007803482
6342,0.9067067
6343,0.072138004
6344,0.0023043007
6345,0.99459463
6346,0.981937
6347,0.99511683
6348,0.704195
6349,0.9049636
6350,0.0072933817
6351,0.9330462
6352,0.99412966
6353,0.013748357
6354,0.209607
6355,0.0038006196
6356,0.9349056
6357,0.86528355
6358,0.9484422
6359,0.010969832
6360,0.00958878
6361,0.9948986
6362,0.8547127
6363,0.118518494
6364,0.9791708
6365,0.021796664
6366,0.019886974
6367,0.9788719
6368,0.0759577
6369,0.74333143
6370,0.7587533
6371,0.08552491
6372,0.0025396137
6373,0.99330854
6374,0.995374
6375,0.807082
6376,0.01677543
6377,0.780435
6378,0.10348236
6379,0.057182983
6380,0.0034513155
6381,0.625753
6382,0.003936314
6383,0.9899754
6384,0.6861429
6385,0.9863418
6386,0.9661636
6387,0.9904109
6388,0.87870646
6389,0.9946971
6390,0.82088697
6391,0.003202995
6392,0.4755961
6393,0.0021577226
6394,0.0055622472
6395,0.5048403
6396,0.9875964
6397,0.95162237
6398,0.7529255
6399,0.08834421
6400,0.9186187
6401,0.008115131
6402,0.99646807
6403,0.94499636
6404,0.9956868
6405,0.9317734
6406,0.6927632
6407,0.99216753
6408,0.0032644738
6409,0.913389
6410,0.74896234
6411,0.005290841
6412,0.004577578
6413,0.9944354
6414,0.74972343
6415,0.75522554
6416,0.9891018
6417,0.7792435
6418,0.45755777
6419,0.0045173345
6420,0.9952852
6421,0.98566145
6422,0.0069272816
6423,0.958178
6424,0.9964653
6425,0.99447674
6426,0.0058911047
6427,0.0031380039
6428,0.9274879
6429,0.86995786
6430,0.86629283
6431,0.0044237385
6432,0.9880206
6433,0.9900025
6434,0.0023003302
6435,0.99236685
6436,0.005672605
6437,0.99240327
6438,0.98510486
6439,0.005080331
6440,0.20427786
6441,0.0036322074
6442,0.99570614
6443,0.7619183
6444,0.035967745
6445,0.0043411986
6446,0.93783474
6447,0.0029849976
6448,0.004434773
6449,0.9172855
6450,0.0074265907
6451,0.016617449
6452,0.87953925
6453,0.50639564
6454,0.0027096942
6455,0.008603199
6456,0.23582822
6457,0.99403197
6458,0.99371815
6459,0.0067651547
6460,0.0137048345
6461,0.1322832
6462,0.9954085
6463,0.930893
6464,0.7904495
6465,0.0022034256
6466,0.96826476
6467,0.9612528
6468,0.99076384
6469,0.840829
6470,0.6056286
6471,0.94512177
6472,0.3315794
6473,0.122457944
6474,0.99440396
6475,0.035134047
6476,0.96128476
6477,0.994584
6478,0.005736526
6479,0.96336734
6480,0.993638
6481,0.9896998
6482,0.23767166
6483,0.9712777
6484,0.0058127027
6485,0.9317962
6486,0.89937073
6487,0.6047554
6488,0.008915297
6489,0.14934093
6490,0.99365294
6491,0.9568035
6492,0.0098786475
6493,0.98620087
6494,0.7534554
6495,0.1736052
6496,0.0022040305
6497,0.009517971
6498,0.99458015
6499,0.98904675
6500,0.9933844
6501,0.99400264
6502,0.12957962
6503,0.99221885
6504,0.007103077
6505,0.04189151
6506,0.006085059
6507,0.9055681
6508,0.0061181635
6509,0.0029350845
6510,0.0054507866
6511,0.0027553495
6512,0.93215126
6513,0.9800519
6514,0.0049778586
6515,0.99706787
6516,0.66222405
6517,0.9326151
6518,0.83387995
6519,0.74447984
6520,0.9884983
6521,0.016479764
6522,0.2717088
6523,0.9775317
6524,0.99649745
6525,0.0027185085
6526,0.97185856
6527,0.2588624
6528,0.029764485
6529,0.88761324
6530,0.9231032
6531,0.99518186
6532,0.9963546
6533,0.00321552
6534,0.31859094
6535,0.9947686
6536,0.004058073
6537,0.8533672
6538,0.99734914
6539,0.0044391714
6540,0.97846174
6541,0.017120844
6542,0.0031536932
6543,0.004439325
6544,0.03483915
6545,0.029881496
6546,0.98925066
6547,0.012999207
6548,0.70945144
6549,0.017473483
6550,0.95659834
6551,0.96401656
6552,0.9786992
6553,0.98146045
6554,0.90694064
6555,0.92108554
6556,0.015774209
6557,0.2642798
6558,0.0048485026
6559,0.63383853
6560,0.0023515676
6561,0.97490984
6562,0.9922774
6563,0.9783416
6564,0.9836236
6565,0.92843276
6566,0.0034279043
6567,0.9846542
6568,0.31032428
6569,0.0032424526
6570,0.9941282
6571,0.96882445
6572,0.9927845
6573,0.99661404
6574,0.113476746
6575,0.010001359
6576,0.9851783
6577,0.008419372
6578,0.0055033965
6579,0.543963
6580,0.0026809778
6581,0.002929022
6582,0.9915404
6583,0.9906441
6584,0.98908335
6585,0.19191256
6586,0.9931439
6587,0.026821934
6588,0.81228745
6589,0.0020879623
6590,0.8495164
6591,0.9880584
6592,0.9823193
6593,0.9688523
6594,0.23119074
6595,0.13932282
6596,0.0027663114
6597,0.990515
6598,0.016255936
6599,0.93325603
6600,0.86855614
6601,0.9930981
6602,0.8537545
6603,0.0134445
6604,0.9221684
6605,0.004989717
6606,0.96300095
6607,0.9158919
6608,0.99241537
6609,0.8964755
6610,0.0020786964
6611,0.004792644
6612,0.018370248
6613,0.97622573
6614,0.9948155
6615,0.9950014
6616,0.020649388
6617,0.9768222
6618,0.009990544
6619,0.0023035533
6620,0.94927484
6621,0.0049215625
6622,0.98847055
6623,0.73269564
6624,0.8952727
6625,0.9923254
6626,0.6927894
6627,0.1231766
6628,0.9929721
6629,0.0025616176
6630,0.96347755
6631,0.0041073556
6632,0.917738
6633,0.063707076
6634,0.9048386
6635,0.61499286
6636,0.012977317
6637,0.95009315
6638,0.8603279
6639,0.004803156
6640,0.98092586
6641,0.10875266
6642,0.9880009
6643,0.42336825
6644,0.057848867
6645,0.005807312
6646,0.003896869
6647,0.9934918
6648,0.021095473
6649,0.0035866343
6650,0.0031815956
6651,0.013375099
6652,0.992355
6653,0.07618727
6654,0.9909678
6655,0.8689662
6656,0.8636939
6657,0.6677124
6658,0.0024123862
6659,0.0042459094
6660,0.0032492264
6661,0.9131153
6662,0.9963814
6663,0.4277984
6664,0.9914282
6665,0.0023084944
6666,0.99490815
6667,0.9303048
6668,0.85842913
6669,0.9943159
6670,0.9890197
6671,0.004523785
6672,0.9871122
6673,0.99277073
6674,0.0034323528
6675,0.14979267
6676,0.12697867
6677,0.9935927
6678,0.014921222
6679,0.9511988
6680,0.39029744
6681,0.9159913
6682,0.9948271
6683,0.0041966406
6684,0.19783068
6685,0.007636675
6686,0.006481357
6687,0.77392185
6688,0.99692875
6689,0.4654907
6690,0.6692519
6691,0.82570755
6692,0.90542686
6693,0.41158372
6694,0.91740257
6695,0.9913468
6696,0.0186312
6697,0.0027422314
6698,0.9783416
6699,0.0028382891
6700,0.0041741333
6701,0.015758352
6702,0.0060840296
6703,0.03391743
6704,0.0036465155
6705,0.9961547
6706,0.8951026
6707,0.81340986
6708,0.99072623
6709,0.81594163
6710,0.96701616
6711,0.041871928
6712,0.66641635
6713,0.9937682
6714,0.5710388
6715,0.04144792
6716,0.99313813
6717,0.26502573
6718,0.9188835
6719,0.5556712
6720,0.88656604
6721,0.0027499592
6722,0.7381113
6723,0.0034518812
6724,0.579002
6725,0.99280614
6726,0.99579877
6727,0.10804331
6728,0.9896735
6729,0.9514591
6730,0.2956903
6731,0.00849262
6732,0.9839364
6733,0.8964675
6734,0.9918978
6735,0.43055955
6736,0.0026461342
6737,0.0028682018
6738,0.9959741
6739,0.042964876
6740,0.004804499
6741,0.07349893
6742,0.9764165
6743,0.8908394
6744,0.9953687
6745,0.0025069807
6746,0.9931734
6747,0.00329888
6748,0.957649
6749,0.91465795
6750,0.9817229
6751,0.033760585
6752,0.9918132
6753,0.91712004
6754,0.28765407
6755,0.7446133
6756,0.08444607
6757,0.9896404
6758,0.7548095
6759,0.49703237
6760,0.22912332
6761,0.002820021
6762,0.83620745
6763,0.96729237
6764,0.003998217
6765,0.0027356837
6766,0.10200412
6767,0.99041325
6768,0.30466413
6769,0.6896908
6770,0.9083467
6771,0.014753954
6772,0.99597126
6773,0.9924219
6774,0.9866859
6775,0.009294133
6776,0.9920895
6777,0.9832661
6778,0.42477828
6779,0.015832992
6780,0.06794881
6781,0.90878
6782,0.0051621743
6783,0.09175122
6784,0.97931033
6785,0.749463
6786,0.99019206
6787,0.9950459
6788,0.002494005
6789,0.70532227
6790,0.99061817
6791,0.9491262
6792,0.0025483184
6793,0.9941924
6794,0.21380362
6795,0.98538417
6796,0.91948736
6797,0.98742014
6798,0.0040396256
6799,0.9961526
6800,0.6083873
6801,0.91636
6802,0.8608099
6803,0.8923046
6804,0.99558866
6805,0.0054325364
6806,0.9948802
6807,0.0033038019
6808,0.7214194
6809,0.0028504936
6810,0.3099438
6811,0.9950039
6812,0.99323446
6813,0.9750377
6814,0.60433346
6815,0.72161937
6816,0.0033892114
6817,0.040741295
6818,0.79292464
6819,0.986323
6820,0.9755375
6821,0.9748447
6822,0.0058007804
6823,0.994831
6824,0.0028939478
6825,0.0031598075
6826,0.028575974
6827,0.99612683
6828,0.9962494
6829,0.0021498494
6830,0.9038857
6831,0.16248718
6832,0.83949757
6833,0.2752381
6834,0.9406329
6835,0.0029022081
6836,0.9945263
6837,0.9958418
6838,0.04366253
6839,0.004366771
6840,0.0025208942
6841,0.7718599
6842,0.9900529
6843,0.8853054
6844,0.94900584
6845,0.82862186
6846,0.99615115
6847,0.03364299
6848,0.0025086924
6849,0.0032651222
6850,0.995262
6851,0.9892841
6852,0.3727089
6853,0.06438506
6854,0.9770733
6855,0.02236538
6856,0.5572055
6857,0.0028351936
6858,0.0028742112
6859,0.8452028
6860,0.6144311
6861,0.9915843
6862,0.01328504
6863,0.92139906
6864,0.0025019788
6865,0.9954893
6866,0.9662879
6867,0.004682538
6868,0.007463755
6869,0.9962404
6870,0.06619731
6871,0.99356836
6872,0.0076183397
6873,0.012983511
6874,0.046306767
6875,0.50691366
6876,0.0060271863
6877,0.9886408
6878,0.0035806207
6879,0.14279626
6880,0.17559347
6881,0.012749125
6882,0.005683007
6883,0.002616934
6884,0.9953565
6885,0.9971317
6886,0.8755726
6887,0.0031274967
6888,0.55796456
6889,0.9049211
6890,0.8842824
6891,0.07448432
6892,0.0027865227
6893,0.78178453
6894,0.7328854
6895,0.64817315
6896,0.11373121
6897,0.90588576
6898,0.2281008
6899,0.9929056
6900,0.107147895
6901,0.9836838
6902,0.0039069885
6903,0.99579585
6904,0.017700994
6905,0.008639921
6906,0.95956165
6907,0.22469318
6908,0.9557231
6909,0.9646243
6910,0.9099724
6911,0.954979
6912,0.00303881
6913,0.99649066
6914,0.98128283
6915,0.0031759404
6916,0.026610715
6917,0.7981094
6918,0.0029918244
6919,0.21134892
6920,0.0021480895
6921,0.0036535608
6922,0.005785828
6923,0.9893349
6924,0.9740017
6925,0.0137356585
6926,0.95613766
6927,0.7348991
6928,0.004621768
6929,0.96997863
6930,0.87937814
6931,0.005007836
6932,0.6114588
6933,0.4582661
6934,0.0027618469
6935,0.5232643
6936,0.03122351
6937,0.92195344
6938,0.014117044
6939,0.0028115725
6940,0.9946523
6941,0.0029696613
6942,0.8317239
6943,0.002135023
6944,0.012326809
6945,0.95032424
6946,0.02023507
6947,0.0024495907
6948,0.002901935
6949,0.24811696
6950,0.050047476
6951,0.9839272
6952,0.9952962
6953,0.98259026
6954,0.30591926
6955,0.89934164
6956,0.9792054
6957,0.0044025495
6958,0.0061568073
6959,0.0063923234
6960,0.9685291
6961,0.7758519
6962,0.99009097
6963,0.99326694
6964,0.9875842
6965,0.9383151
6966,0.99531835
6967,0.99448556
6968,0.0029895427
6969,0.99613035
6970,0.0051561096
6971,0.0070363595
6972,0.34513268
6973,0.91845274
6974,0.6930244
6975,0.7070158
6976,0.0046053296
6977,0.0022583983
6978,0.8311745
6979,0.99367094
6980,0.9747214
6981,0.9925055
6982,0.002379074
6983,0.7506629
6984,0.98741573
6985,0.372236
6986,0.90651083
6987,0.92971927
6988,0.71229714
6989,0.9959163
6990,0.0020926553
6991,0.99427575
6992,0.9950938
6993,0.48562318
6994,0.089956105
6995,0.037630465
6996,0.983309
6997,0.90401256
6998,0.0023266
6999,0.9716295
7000,0.43922597
7001,0.99448615
7002,0.9934041
7003,0.9951161
7004,0.17934853
7005,0.032406494
7006,0.60712415
7007,0.26846036
7008,0.35384864
7009,0.10436629
7010,0.7475522
7011,0.849816
7012,0.65867996
7013,0.91034865
7014,0.5453034
7015,0.002290002
7016,0.99440575
7017,0.75537837
7018,0.83865976
7019,0.11195657
7020,0.003798367
7021,0.08496641
7022,0.97744274
7023,0.76632434
7024,0.98721004
7025,0.9067819
7026,0.9944594
7027,0.01842715
7028,0.9964669
7029,0.3013863
7030,0.0026835203
7031,0.9760834
7032,0.996042
7033,0.009664984
7034,0.9914751
7035,0.9945352
7036,0.07115651
7037,0.9948323
7038,0.78267753
7039,0.99079657
7040,0.9610318
7041,0.94432735
7042,0.9932052
7043,0.011520144
7044,0.99218374
7045,0.0047482387
7046,0.0025751109
7047,0.3715374
7048,0.003756977
7049,0.9864325
7050,0.007803995
7051,0.98790294
7052,0.25741065
7053,0.03444168
7054,0.8741067
7055,0.480061
7056,0.004134164
7057,0.79127866
7058,0.98478585
7059,0.0073207295
7060,0.9941954
7061,0.0023633577
7062,0.9901569
7063,0.008427056
7064,0.9968906
7065,0.99489284
7066,0.0437832
7067,0.005135066
7068,0.9863148
7069,0.003317751
7070,0.7553145
7071,0.8309838
7072,0.7969835
7073,0.0122241685
7074,0.0026484204
7075,0.8816592
7076,0.00259364
7077,0.96443295
7078,0.9908948
7079,0.9393639
7080,0.013860741
7081,0.0026387034
7082,0.010799071
7083,0.86005574
7084,0.99261415
7085,0.002584835
7086,0.68235844
7087,0.98844427
7088,0.9596391
7089,0.13314557
7090,0.9924826
7091,0.9574392
7092,0.7529136
7093,0.97407305
7094,0.8018006
7095,0.9202811
7096,0.003541031
7097,0.91685337
7098,0.73320764
7099,0.0023353181
7100,0.03640575
7101,0.33219132
7102,0.012585738
7103,0.70496
7104,0.9868972
7105,0.005074752
7106,0.960142
7107,0.9831942
7108,0.9943235
7109,0.11263936
7110,0.79031396
7111,0.006397665
7112,0.0022227059
7113,0.8772178
7114,0.49817064
7115,0.065444164
7116,0.03737952
7117,0.9557383
7118,0.0025858495
7119,0.056711543
7120,0.5682297
7121,0.8892791
7122,0.99622405
7123,0.9107638
7124,0.6256862
7125,0.006798304
7126,0.974817
7127,0.7924635
7128,0.9929235
7129,0.9460071
7130,0.9423203
7131,0.40631095
7132,0.035151124
7133,0.7687228
7134,0.9938864
7135,0.002991537
7136,0.8748318
7137,0.7232176
7138,0.9881237
7139,0.0021014132
7140,0.005758515
7141,0.93463624
7142,0.15925288
7143,0.01906062
7144,0.6555265
7145,0.014029994
7146,0.9965486
7147,0.007847038
7148,0.0104616545
7149,0.70946383
7150,0.4419821
7151,0.802701
7152,0.045372527
7153,0.9936744
7154,0.99003345
7155,0.0031680276
7156,0.008494885
7157,0.8138323
7158,0.11085884
7159,0.0022855166
7160,0.99089795
7161,0.8768004
7162,0.13790531
7163,0.9739904
7164,0.0030928089
7165,0.0020020583
7166,0.93517566
7167,0.002786861
7168,0.8712928
7169,0.893355
7170,0.4074846
7171,0.08619257
7172,0.87804645
7173,0.9897273
7174,0.99359083
7175,0.4107965
7176,0.0075452304
7177,0.25639018
7178,0.9512299
7179,0.9455489
7180,0.9107496
7181,0.8771364
7182,0.004291461
7183,0.022644982
7184,0.07846461
7185,0.00442461
7186,0.9215753
7187,0.8140153
7188,0.0028320558
7189,0.9591961
7190,0.0026339754
7191,0.9933176
7192,0.79845995
7193,0.9472514
7194,0.0055578994
7195,0.006454133
7196,0.98833674
7197,0.23877586
7198,0.45161784
7199,0.7345773
7200,0.930821
7201,0.076901086
7202,0.9927134
7203,0.9837316
7204,0.96322113
7205,0.98709434
7206,0.8992771
7207,0.9368981
7208,0.44159633
7209,0.9431324
7210,0.9952872
7211,0.3606267
7212,0.312488
7213,0.99542737
7214,0.99630547
7215,0.99518836
7216,0.36752847
7217,0.71989095
7218,0.011594138
7219,0.9833756
7220,0.97655314
7221,0.9894275
7222,0.9601643
7223,0.00514124
7224,0.9735014
7225,0.9891059
7226,0.99497306
7227,0.7715813
7228,0.005896011
7229,0.0083678495
7230,0.21134321
7231,0.9137632
7232,0.8713544
7233,0.97914475
7234,0.9956195
7235,0.9946215
7236,0.0023053938
7237,0.9950595
7238,0.0022734713
7239,0.003583926
7240,0.73746395
7241,0.815802
7242,0.85636854
7243,0.9926483
7244,0.76333255
7245,0.98723966
7246,0.035085876
7247,0.0066084987
7248,0.99002635
7249,0.006606853
7250,0.9902924
7251,0.9844216
7252,0.07066841
7253,0.9771295
7254,0.0054634498
7255,0.7938418
7256,0.00513569
7257,0.99277765
7258,0.97936124
7259,0.8980544
7260,0.039808616
7261,0.19881833
7262,0.16561097
7263,0.9724239
7264,0.043647304
7265,0.81555676
7266,0.97609204
7267,0.989282
7268,0.004264706
7269,0.004255355
7270,0.9763788
7271,0.9291056
7272,0.9303175
7273,0.9378435
7274,0.9052122
7275,0.89427936
7276,0.96550304
7277,0.9928566
7278,0.0025448122
7279,0.0031173415
7280,0.1618498
7281,0.89004594
7282,0.99056363
7283,0.003547031
7284,0.972495
7285,0.9812304
7286,0.9874351
7287,0.02177272
7288,0.976399
7289,0.9845931
7290,0.9260322
7291,0.6504569
7292,0.017106134
7293,0.9842982
7294,0.8145066
7295,0.96767074
7296,0.38212273
7297,0.98830646
7298,0.043428957
7299,0.9894768
7300,0.0057924367
7301,0.9945529
7302,0.9534363
7303,0.983356
7304,0.9899333
7305,0.96211594
7306,0.99556065
7307,0.6883629
7308,0.9413564
7309,0.8755376
7310,0.8455967
7311,0.9964296
7312,0.20677519
7313,0.6723432
7314,0.65954417
7315,0.0037482576
7316,0.2019183
7317,0.0024914548
7318,0.6672352
7319,0.9898102
7320,0.9955155
7321,0.9595316
7322,0.0069596022
7323,0.0031797574
7324,0.0047965096
7325,0.0027979799
7326,0.8850801
7327,0.004026356
7328,0.9789291
7329,0.9894069
7330,0.9955337
7331,0.93401206
7332,0.97539264
7333,0.9944354
7334,0.005019771
7335,0.005346425
7336,0.019095903
7337,0.99555284
7338,0.30587763
7339,0.9022081
7340,0.0050567514
7341,0.73551345
7342,0.99470276
7343,0.0021320344
7344,0.002791062
7345,0.08497709
7346,0.9843795
7347,0.0037452194
7348,0.3568267
7349,0.9964966
7350,0.14425024
7351,0.9070147
7352,0.0034566529
7353,0.05164473
7354,0.33320004
7355,0.005723459
7356,0.017496808
7357,0.76184136
7358,0.51783615
7359,0.9918961
7360,0.9952626
7361,0.9927441
7362,0.78682107
7363,0.0038250596
7364,0.9965029
7365,0.91960096
7366,0.98836446
7367,0.5005923
7368,0.87747175
7369,0.0028512569
7370,0.005088564
7371,0.98046046
7372,0.0025365574
7373,0.99284667
7374,0.0044809827
7375,0.9946397
7376,0.9690773
7377,0.98965645
7378,0.8588672
7379,0.9920357
7380,0.0021992319
7381,0.09970327
7382,0.98922884
7383,0.043569624
7384,0.74543434
7385,0.027684893
7386,0.99409324
7387,0.995404
7388,0.99675566
7389,0.9914234
7390,0.008223243
7391,0.0050589996
7392,0.0050315857
7393,0.031675275
7394,0.93630373
7395,0.99486345
7396,0.00574304
7397,0.9878029
7398,0.72656053
7399,0.9958759
7400,0.98894066
7401,0.002608007
7402,0.9596892
7403,0.98969966
7404,0.83358514
7405,0.007147436
7406,0.002290452
7407,0.90496635
7408,0.02683161
7409,0.0035647051
7410,0.006735509
7411,0.024498137
7412,0.004062589
7413,0.3179547
7414,0.96810305
7415,0.008011554
7416,0.0022436313
7417,0.96832734
7418,0.5816196
7419,0.9964569
7420,0.9929005
7421,0.9926669
7422,0.99270624
7423,0.9819696
7424,0.0039064134
7425,0.99020374
7426,0.15900746
7427,0.8556823
7428,0.0023821364
7429,0.002689722
7430,0.9954413
7431,0.003775923
7432,0.04123065
7433,0.9757287
7434,0.15026678
7435,0.9304846
7436,0.81628513
7437,0.42011604
7438,0.0031237602
7439,0.008561965
7440,0.89806205
7441,0.8696779
7442,0.01994023
7443,0.15559958
7444,0.951145
7445,0.93052405
7446,0.8588575
7447,0.18163468
7448,0.00235835
7449,0.9949536
7450,0.790339
7451,0.004292533
7452,0.20093358
7453,0.3558324
7454,0.9941841
7455,0.9816745
7456,0.00420135
7457,0.082202
7458,0.003422338
7459,0.0022542055
7460,0.019648407
7461,0.94812006
7462,0.94650906
7463,0.98992926
7464,0.014397836
7465,0.9919475
7466,0.45617166
7467,0.86974394
7468,0.004604449
7469,0.7296203
7470,0.9884277
7471,0.0044035483
7472,0.0065559265
7473,0.99504566
7474,0.024498474
7475,0.991606
7476,0.8730552
7477,0.003008831
7478,0.0022005916
7479,0.003347848
7480,0.37806374
7481,0.996119
7482,0.0024303647
7483,0.0039728885
7484,0.7618016
7485,0.9921158
7486,0.002070685
7487,0.97232944
7488,0.9918921
7489,0.99549353
7490,0.01660624
7491,0.9914976
7492,0.9210498
7493,0.8828624
7494,0.9956689
7495,0.004698687
7496,0.008473516
7497,0.9962196
7498,0.99399924
7499,0.53568095
7500,0.8548356
7501,0.9939168
7502,0.8862384
7503,0.99438983
7504,0.9955245
7505,0.9824676
7506,0.9692699
7507,0.042495225
7508,0.10785489
7509,0.50745434
7510,0.002583472
7511,0.8304586
7512,0.0030846072
7513,0.0065159737
7514,0.10400165
7515,0.9895097
7516,0.9909038
7517,0.019843291
7518,0.0028747784
7519,0.99672997
7520,0.0063198456
7521,0.004990342
7522,0.6321799
7523,0.49769694
7524,0.008409879
7525,0.0031974812
7526,0.8787077
7527,0.98872083
7528,0.9079789
7529,0.98100007
7530,0.98709583
7531,0.90759635
7532,0.15787917
7533,0.9958127
7534,0.878699
7535,0.0064923833
7536,0.9956552
7537,0.11840279
7538,0.004334281
7539,0.993022
7540,0.9930092
7541,0.94434947
7542,0.9905183
7543,0.50663316
7544,0.003315801
7545,0.6025569
7546,0.78165835
7547,0.0019699202
7548,0.98280346
7549,0.0036430086
7550,0.0038293956
7551,0.837643
7552,0.9939551
7553,0.95104253
7554,0.9322094
7555,0.9483088
7556,0.98983043
7557,0.19077136
7558,0.008997534
7559,0.48559263
7560,0.8772831
7561,0.9910507
7562,0.33806884
7563,0.8041521
7564,0.0032643354
7565,0.006287301
7566,0.004630063
7567,0.38657707
7568,0.9597302
7569,0.6311172
7570,0.022623468
7571,0.0143769635
7572,0.98846227
7573,0.97737825
7574,0.968728
7575,0.8586754
7576,0.77999806
7577,0.5557141
7578,0.923004
7579,0.7637233
7580,0.0059423395
7581,0.9931212
7582,0.03907934
7583,0.8814233
7584,0.9911719
7585,0.0021470075
7586,0.6433923
7587,0.9885831
7588,0.3654167
7589,0.28303912
7590,0.0022465505
7591,0.81236935
7592,0.7797028
7593,0.9703856
7594,0.0075237975
7595,0.68853015
7596,0.92664033
7597,0.9690017
7598,0.98492604
7599,0.0029255603
7600,0.9024796
7601,0.72422814
7602,0.003749205
7603,0.9811632
7604,0.012027585
7605,0.0026885658
7606,0.9890036
7607,0.005466762
7608,0.62874323
7609,0.76910865
7610,0.69461507
7611,0.9869845
7612,0.97431
7613,0.003274666
7614,0.96327066
7615,0.98668927
7616,0.00822932
7617,0.99398863
7618,0.0225061
7619,0.99426717
7620,0.9913095
7621,0.23137535
7622,0.0045567323
7623,0.0023531925
7624,0.0047499086
7625,0.005395468
7626,0.9675684
7627,0.9956392
7628,0.004347789
7629,0.094994366
7630,0.7616912
7631,0.95874846
7632,0.9197809
7633,0.98308057
7634,0.69402874
7635,0.98706985
7636,0.019032001
7637,0.8475152
7638,0.8682578
7639,0.9950853
7640,0.9917862
7641,0.87416434
7642,0.7957928
7643,0.98862225
7644,0.99465644
7645,0.0034989053
7646,0.9922065
7647,0.022499505
7648,0.6081021
7649,0.9919906
7650,0.9681902
7651,0.01927031
7652,0.0023851695
7653,0.9286855
7654,0.02134311
7655,0.9888937
7656,0.0059232335
7657,0.0022599904
7658,0.98737025
7659,0.0060058553
7660,0.9636217
7661,0.9774784
7662,0.9854307
7663,0.0060508396
7664,0.006175342
7665,0.38134032
7666,0.81708676
7667,0.9938851
7668,0.0028612183
7669,0.9952905
7670,0.006212993
7671,0.8427689
7672,0.024742713
7673,0.9955136
7674,0.002091363
7675,0.008476022
7676,0.003837218
7677,0.8357728
7678,0.9856338
7679,0.75878614
7680,0.9930354
7681,0.007589877
7682,0.027048776
7683,0.9947524
7684,0.93253696
7685,0.9828977
7686,0.9633906
7687,0.42556998
7688,0.020194242
7689,0.48348
7690,0.92692447
7691,0.03535735
7692,0.9107531
7693,0.40676937
7694,0.80486923
7695,0.70162016
7696,0.0031445066
7697,0.17694092
7698,0.0029757963
7699,0.9932313
7700,0.99542904
7701,0.9918407
7702,0.0035039731
7703,0.0029832372
7704,0.005574015
7705,0.74398476
7706,0.98796564
7707,0.7642172
7708,0.9539362
7709,0.09093786
7710,0.98189443
7711,0.9719258
7712,0.9922949
7713,0.005342901
7714,0.9896847
7715,0.7908663
7716,0.74297196
7717,0.0038075203
7718,0.9967553
7719,0.9946467
7720,0.7813989
7721,0.7356724
7722,0.9062779
7723,0.0067339903
7724,0.8454724
7725,0.9075661
7726,0.31841275
7727,0.14962772
7728,0.9929196
7729,0.98506504
7730,0.9394002
7731,0.0022827229
7732,0.4396222
7733,0.005126399
7734,0.9943634
7735,0.98006564
7736,0.9933415
7737,0.0045283823
7738,0.18782105
7739,0.9967976
7740,0.9969432
7741,0.008230881
7742,0.85718966
7743,0.65587723
7744,0.87686163
7745,0.0072290124
7746,0.002888372
7747,0.9816742
7748,0.9956625
7749,0.97021365
7750,0.120487645
7751,0.0025608963
7752,0.16564985
7753,0.28276142
7754,0.8797929
7755,0.0027089857
7756,0.0023629982
7757,0.19025382
7758,0.024197672
7759,0.916893
7760,0.3812007
7761,0.9939148
7762,0.25990796
7763,0.9019147
7764,0.96748793
7765,0.13636357
7766,0.99158746
7767,0.9951873
7768,0.93963474
7769,0.1004422
7770,0.0076110833
7771,0.9918704
7772,0.0033065558
7773,0.9861174
7774,0.0039973534
7775,0.98712885
7776,0.10864406
7777,0.002744346
7778,0.5404244
7779,0.0032784191
7780,0.94099075
7781,0.9734504
7782,0.83301955
7783,0.842003
7784,0.9951148
7785,0.98893344
7786,0.8844936
7787,0.9382857
7788,0.8783195
7789,0.81884384
7790,0.0066952864
7791,0.053639963
7792,0.9964671
7793,0.95863134
7794,0.0023229823
7795,0.9791434
7796,0.99245244
7797,0.7216655
7798,0.9681131
7799,0.86792624
7800,0.98679763
7801,0.9781934
7802,0.99582446
7803,0.0025574057
7804,0.131852
7805,0.031539198
7806,0.50340915
7807,0.0020984057
7808,0.9764519
7809,0.70044696
7810,0.0057980143
7811,0.010167051
7812,0.84591085
7813,0.491254
7814,0.062336843
7815,0.9397502
7816,0.9177605
7817,0.002429455
7818,0.9868881
7819,0.970902
7820,0.9890471
7821,0.96017057
7822,0.01367734
7823,0.00734975
7824,0.9809474
7825,0.9925485
7826,0.9903509
7827,0.032999907
7828,0.9732131
7829,0.76713353
7830,0.99614763
7831,0.0068029193
7832,0.017925905
7833,0.7952153
7834,0.85475975
7835,0.002795666
7836,0.9417038
7837,0.38500878
7838,0.8398597
7839,0.017106134
7840,0.00850332
7841,0.93097043
7842,0.0038582357
7843,0.069649026
7844,0.9780292
7845,0.8449904
7846,0.033665977
7847,0.002662424
7848,0.96257764
7849,0.78970164
7850,0.0021423602
7851,0.0031384975
7852,0.037447076
7853,0.90590847
7854,0.9959449
7855,0.7751695
7856,0.006773205
7857,0.99467814
7858,0.0042010904
7859,0.9790533
7860,0.017106134
7861,0.0049746265
7862,0.4329641
7863,0.02449261
7864,0.93967706
7865,0.9949851
7866,0.9667372
7867,0.002422401
7868,0.9928456
7869,0.9789079
7870,0.98947453
7871,0.0033835545
7872,0.23160237
7873,0.0046752323
7874,0.0036840967
7875,0.10931901
7876,0.9903402
7877,0.47766155
7878,0.002260828
7879,0.9015835
7880,0.0043956656
7881,0.9833946
7882,0.7027579
7883,0.8239805
7884,0.85649276
7885,0.8523681
7886,0.6267726
7887,0.95866346
7888,0.0035500505
7889,0.741203
7890,0.60283655
7891,0.6925626
7892,0.0023976155
7893,0.8218876
7894,0.6708175
7895,0.016305836
7896,0.019068856
7897,0.48257038
7898,0.9966538
7899,0.98452514
7900,0.00612431
7901,0.96176
7902,0.573381
7903,0.002627011
7904,0.9909434
7905,0.95651054
7906,0.009581085
7907,0.98592806
7908,0.9550751
7909,0.9920745
7910,0.14970683
7911,0.98399746
7912,0.96980673
7913,0.96887076
7914,0.99177116
7915,0.004321435
7916,0.9588486
7917,0.9910793
7918,0.78473055
7919,0.90746045
7920,0.92691463
7921,0.0056444798
7922,0.98553896
7923,0.9895712
7924,0.99012357
7925,0.037848894
7926,0.018062383
7927,0.97449875
7928,0.3059232
7929,0.99449366
7930,0.36953026
7931,0.6588168
7932,0.9761998
7933,0.93492687
7934,0.99300295
7935,0.0059333104
7936,0.054890662
7937,0.10009702
7938,0.016909292
7939,0.7283571
7940,0.003179747
7941,0.9893077
7942,0.25284457
7943,0.016460653
7944,0.0026527098
7945,0.9914671
7946,0.9728506
7947,0.0025974964
7948,0.562201
7949,0.9859773
7950,0.9789909
7951,0.98816365
7952,0.8563971
7953,0.13149023
7954,0.9948585
7955,0.005075048
7956,0.9007264
7957,0.91800934
7958,0.0025534446
7959,0.0079626655
7960,0.92044336
7961,0.36617264
7962,0.0023115121
7963,0.89930654
7964,0.0035774694
7965,0.98361164
7966,0.009359957
7967,0.9950434
7968,0.0029146674
7969,0.0137746595
7970,0.069782354
7971,0.0023656625
7972,0.9794672
7973,0.96010685
7974,0.9945463
7975,0.98338324
7976,0.0048340117
7977,0.2337603
7978,0.9924935
7979,0.42339814
7980,0.94412094
7981,0.8311391
7982,0.973925
7983,0.45658898
7984,0.9943962
7985,0.027711784
7986,0.0031762815
7987,0.95106715
7988,0.7446691
7989,0.9201858
7990,0.9546444
7991,0.95701504
7992,0.9969131
7993,0.00697315
7994,0.006317504
7995,0.0056821853
7996,0.99395776
7997,0.9835543
7998,0.8619889
7999,0.9919544
8000,0.2865014
8001,0.7724492
8002,0.0026882156
8003,0.3248034
8004,0.060927745
8005,0.004202597
8006,0.30756575
8007,0.0030023425
8008,0.79014015
8009,0.8956267
8010,0.9930265
8011,0.007539641
8012,0.97402227
8013,0.13149911
8014,0.4531751
8015,0.70022994
8016,0.8637297
8017,0.95504975
8018,0.99329066
8019,0.0067778644
8020,0.90689576
8021,0.002396301
8022,0.9562857
8023,0.57088655
8024,0.22689442
8025,0.053908203
8026,0.9215509
8027,0.99194485
8028,0.0128393145
8029,0.9963044
8030,0.8025874
8031,0.02076436
8032,0.93769604
8033,0.002556953
8034,0.5246103
8035,0.7665317
8036,0.022852687
8037,0.016085953
8038,0.98828053
8039,0.6922725
8040,0.002415752
8041,0.9687529
8042,0.89409626
8043,0.9958759
8044,0.9856523
8045,0.013982764
8046,0.0022612873
8047,0.0656805
8048,0.92965585
8049,0.009914162
8050,0.6696109
8051,0.12578197
8052,0.9861941
8053,0.002412943
8054,0.6000341
8055,0.93560004
8056,0.9899165
8057,0.46141452
8058,0.0029958696
8059,0.79433614
8060,0.9839589
8061,0.9890683
8062,0.07021053
8063,0.0062532513
8064,0.49820665
8065,0.002416305
8066,0.83541703
8067,0.0029748203
8068,0.84830326
8069,0.0032885487
8070,0.0042068274
8071,0.922094
8072,0.9882477
8073,0.5321496
8074,0.751762
8075,0.0035166112
8076,0.99636686
8077,0.006071324
8078,0.54319906
8079,0.0049647912
8080,0.08095252
8081,0.98036844
8082,0.9239402
8083,0.51674163
8084,0.9938267
8085,0.0030212568
8086,0.97330374
8087,0.042917725
8088,0.9887677
8089,0.517231
8090,0.8217684
8091,0.9913243
8092,0.096519135
8093,0.91054696
8094,0.9947339
8095,0.6176202
8096,0.6194785
8097,0.9793714
8098,0.0024178366
8099,0.98168105
8100,0.00327241
8101,0.052952617
8102,0.03463241
8103,0.0025254714
8104,0.97911835
8105,0.0040983334
8106,0.98433477
8107,0.099810615
8108,0.0027721636
8109,0.0022549178
8110,0.36411676
8111,0.20568036
8112,0.0028950265
8113,0.98472136
8114,0.4517851
8115,0.98897153
8116,0.002421364
8117,0.0026261515
8118,0.9693049
8119,0.0060047624
8120,0.9581193
8121,0.99611205
8122,0.05223409
8123,0.14652269
8124,0.84045315
8125,0.0024199674
8126,0.039891556
8127,0.04892803
8128,0.0027235018
8129,0.0076109604
8130,0.09175178
8131,0.5904036
8132,0.03250488
8133,0.9939302
8134,0.91995704
8135,0.27567548
8136,0.018602436
8137,0.6027312
8138,0.9923179
8139,0.006139555
8140,0.993646
8141,0.7517948
8142,0.99047256
8143,0.054227054
8144,0.98898345
8145,0.31600064
8146,0.9936333
8147,0.98540944
8148,0.004332578
8149,0.3976933
8150,0.9788583
8151,0.033074815
8152,0.9747279
8153,0.9026281
8154,0.9941362
8155,0.9947743
8156,0.10923453
8157,0.17683159
8158,0.9925982
8159,0.9919429
8160,0.003366801
8161,0.9882457
8162,0.012381545
8163,0.003145822
8164,0.00947239
8165,0.0023154444
8166,0.99577916
8167,0.003516598
8168,0.0035645356
8169,0.84007823
8170,0.9761678
8171,0.009402516
8172,0.020134911
8173,0.9872054
8174,0.17212784
8175,0.99050355
8176,0.3936346
8177,0.0033770727
8178,0.1264821
8179,0.4749335
8180,0.9463397
8181,0.012848135
8182,0.003907668
8183,0.99533725
8184,0.026505966
8185,0.006705746
8186,0.6700092
8187,0.9907693
8188,0.98955345
8189,0.6592752
8190,0.008731651
8191,0.9953988
8192,0.9839461
8193,0.8271603
8194,0.0023278224
8195,0.9765291
8196,0.87653625
8197,0.9893973
8198,0.7956627
8199,0.9932193
8200,0.0022105323
8201,0.99573886
8202,0.9676616
8203,0.9788098
8204,0.9885096
8205,0.9970523
8206,0.028587522
8207,0.0032540683
8208,0.9914671
8209,0.9863707
8210,0.73747724
8211,0.024932727
8212,0.0029422797
8213,0.8074819
8214,0.013486744
8215,0.08911727
8216,0.8417437
8217,0.9961959
8218,0.41983858
8219,0.0045797755
8220,0.7275021
8221,0.003036937
8222,0.008956674
8223,0.010496973
8224,0.58521026
8225,0.0077165104
8226,0.43195266
8227,0.8584474
8228,0.9148892
8229,0.9381563
8230,0.04853266
8231,0.8777224
8232,0.8703397
8233,0.9771524
8234,0.73639214
8235,0.00719421
8236,0.9933209
8237,0.9848437
8238,0.9861379
8239,0.6845299
8240,0.990862
8241,0.87072545
8242,0.26103553
8243,0.99386567
8244,0.73903036
8245,0.8244179
8246,0.924075
8247,0.11544279
8248,0.0025959366
8249,0.0032468925
8250,0.98877525
8251,0.99300164
8252,0.002399938
8253,0.3454611
8254,0.4025814
8255,0.008737679
8256,0.0047817826
8257,0.0034338913
8258,0.002322378
8259,0.9906783
8260,0.98010045
8261,0.015036385
8262,0.90669894
8263,0.9407609
8264,0.98740524
8265,0.48730198
8266,0.041723818
8267,0.35648847
8268,0.00805539
8269,0.63444245
8270,0.9220287
8271,0.9936108
8272,0.920153
8273,0.7863118
8274,0.96484005
8275,0.9552705
8276,0.0047653904
8277,0.0029318167
8278,0.9063041
8279,0.9898218
8280,0.0045539755
8281,0.8340566
8282,0.77957577
8283,0.8982251
8284,0.41207516
8285,0.9937921
8286,0.7158848
8287,0.006361765
8288,0.98911756
8289,0.0031655245
8290,0.09601051
8291,0.8006738
8292,0.9943666
8293,0.8594537
8294,0.00299484
8295,0.9854246
8296,0.0043879664
8297,0.017886963
8298,0.9799155
8299,0.6171356
8300,0.9521195
8301,0.9921571
8302,0.035686035
8303,0.0025217468
8304,0.0034643663
8305,0.0062011573
8306,0.99601656
8307,0.75532323
8308,0.32520112
8309,0.9049711
8310,0.0024728926
8311,0.0027692334
8312,0.39661235
8313,0.7818792
8314,0.044095367
8315,0.0044088094
8316,0.023533925
8317,0.9931832
8318,0.9962192
8319,0.0033788567
8320,0.0026961213
8321,0.40199915
8322,0.015389621
8323,0.004967305
8324,0.99169284
8325,0.16677648
8326,0.83605635
8327,0.0034496607
8328,0.99022067
8329,0.0020515479
8330,0.9958561
8331,0.544805
8332,0.89795184
8333,0.038544204
8334,0.8497701
8335,0.018250685
8336,0.0044191377
8337,0.15464659
8338,0.9709109
8339,0.3636641
8340,0.98869276
8341,0.014614626
8342,0.74969864
8343,0.9919475
8344,0.0133739095
8345,0.08971175
8346,0.6321562
8347,0.0036451886
8348,0.005047214
8349,0.0058644544
8350,0.9738395
8351,0.9963883
8352,0.9786128
8353,0.07309662
8354,0.0039673205
8355,0.82440114
8356,0.19195165
8357,0.022255028
8358,0.9899025
8359,0.66264486
8360,0.9288054
8361,0.0020457006
8362,0.690297
8363,0.9923976
8364,0.002867021
8365,0.745898
8366,0.0039072875
8367,0.20845252
8368,0.0021067795
8369,0.22896339
8370,0.8754175
8371,0.1797122
8372,0.9744922
8373,0.01171606
8374,0.0021724023
8375,0.98951626
8376,0.85151386
8377,0.00975632
8378,0.87866694
8379,0.9916174
8380,0.0072934357
8381,0.68854785
8382,0.9341119
8383,0.0077743465
8384,0.003384259
